task,item_id,what_to_compare,QUESTION,allowed_answer,object_1_name,object_1_definition,object_1_application,object_2_name,object_2_definition,object_2_application,object_3_name,object_3_definition,other_members_in_group,source_text_excerpt,claimed_labels,HUMAN_VERDICT,HUMAN_confidence_0to1,HUMAN_note_codes,reviewer_date
T1_dedup,T1-01,2 objects proposed as duplicates,Are these the SAME object (should they merge into one)?,same / different,Optical Spacing and Kerning Adjustment,"Proper spacing and adjustment of type elements (punctuation, hyphens, dashes, letters) is required to achieve optical evenness and visual balance in typography, particularly in display and body text. This adjustment addresses perceptual discrepancies between geometric and optical spacing.","When encountering letter combinations or punctuation that create perceptual gaps or visual imbalances, adjust the spacing manually or algorithmically to achieve optical evenness and visual balance.",Optical Spacing Adjustment,Adjustments to letter spacing are required because human perception of text spacing differs from geometric measurement. Visual optical balance must be achieved through manual or algorithmic modification of default spacing to ensure text appears evenly spaced and readable.,When text in a proportional font appears uneven or readers feel the spacing is off → do adjust kerning pairs or letter spacing to correct optical gaps and achieve visual evenness.,,,,,group size 2,same,1,OK,17.09.26
T1_dedup,T1-02,2 objects proposed as duplicates,Are these the SAME object (should they merge into one)?,same / different,Strategic Relationship Building,"Building meaningful relationships with potential clients, partners, and stakeholders is a foundational strategy for business growth and success, even when the initial interaction appears transactional. The principle emphasizes that every business relationship begins with understanding the other party's needs and motivations.","When initiating contact with a potential client or partner → do actively listen to their needs, articulate how your solution aligns, and follow up with tailored communication to build trust.",Strategic Relationship Building (2),"Effective relationship development requires gradual trust-building through multiple stages of engagement, where each interaction advances the relationship toward deeper collaboration and mutual benefit. The process involves managing both objective and subjective resistance while maintaining a consistent, value-driven approach.","When building a partnership with a new client → do start with small, low‑risk interactions, demonstrate consistent value, and progressively deepen collaboration while addressing resistance in a non‑confrontational way.",,,,,group size 2,same,1,trunctuated in application,17.09.26
T1_dedup,T1-03,2 objects proposed as duplicates,Are these the SAME object (should they merge into one)?,same / different,Cellular Automata Behavior Classification,"Cellular automata systems can be classified into distinct behavioral categories based on their long-term evolution patterns, with rules generating either stable states, periodic cycles, chaotic dynamics, or complex emergent behavior. The classification depends on how initial conditions and local update rules interact across the grid.","When observing a cellular automaton’s long‑term evolution from random initial conditions → classify its behavior into Class 1 (stable), Class 2 (periodic), Class 3 (chaotic), or Class 4 (complex) to guide expectations about stability, predictability, and potential for emergent computation.",Cellular Automata,"A computational system built from simple digital elements called cells, each with a binary state (0 or 1), that can reveal how complex systems operate and demonstrate programming techniques for code-based projects.",When modeling complex behavior with simple binary units in a grid or network → do use a cellular automaton to study emergent patterns and prototype algorithms for code-based projects.,,,,,group size 2,inbetween,0.4,Taxonomy:  the first is taxonomy the second is more act as defintion but they are interrelate,17.09.26
T1_dedup,T1-04,2 objects proposed as duplicates,Are these the SAME object (should they merge into one)?,same / different,Design System Communication Strategy,"Design systems require deliberate communication and promotion strategies to ensure adoption and usability across teams, as they are not naturally visible or accessible without intentional effort. The principle describes how design systems must be actively surfaced and integrated into workflows to be effective.","When a design system is introduced to a team, ensure there is a clear launch event or integration point—such as embedding documentation in design tools or adding a quick‑start guide to the development workflow—to make the system discoverable and accessible to all stakeholders.",Design As Communication Strategy,Effective design integrates visual and textual elements to communicate complex messages through structured relationships and symbolic representation. The principle emphasizes that design serves as a strategic communication tool that combines practicality with creative expression to convey meaning.,"When designing a brochure that must explain a technical process, organize visual elements into a clear hierarchy, use blank space to separate information layers, and incorporate symbolic imagery to represent abstract concepts, thereby guiding the reader’s perception and understanding.",,,,,group size 2,differ,0.6,AMBIG: one is design system related other design related communcation strategy,17.09.26
T1_dedup,T1-05,2 objects proposed as duplicates,Are these the SAME object (should they merge into one)?,same / different,Digital Font Design and Gendered Typography,"The transformation of handwriting characteristics into digital typography, where script fonts represent iconic versions of handwriting styles while gendered names and standardized forms remove indexical signification in favor of iconic and symbolic meaning.","When designing a digital typeface that should be gender‑neutral and universally applicable, → randomize and dissolve the outlines of the glyphs to create an androgynous, iconic form; when using a script font with a gendered name, → preserve symbolic associations while acknowledging the loss of index",Digital Typography and Irregularity in Design,"A semiotic inquiry into why digital graphics often incorporate irregular and distressed visual elements despite the technology's capacity for clean, regular output.","When encountering digital typography that intentionally includes irregular or distressed elements, designers should recognize that the irregularity is a communicative tool and adjust their design strategy to leverage contrast between synthetic perfection and organic imperfection for stronger emotion",,,,,group size 2,differ,0.6,,17.09.26
T1_dedup,T1-06,4 objects proposed as duplicates,Are these the SAME object (should they merge into one)?,same / different,Business Model Innovation Through Disruption,"Innovative business models emerge when new value propositions address unmet user needs or societal challenges, often by leveraging technological advances or reimagining existing industry structures. These models can transform established sectors by offering superior solutions that disrupt traditional approaches.","When entrepreneurs spot unmet user needs or systemic inefficiencies in an industry, they should design a new business model that leverages existing technology and novel organizational or service structures to deliver superior value to those users.",Business Model Innovation Through Prototype Iteration,"Innovative business models often emerge from iterative prototyping and real-world testing, where initial concepts are refined through practical application and user feedback. This process involves taking a basic idea, implementing it in a controlled environment, and gradually scaling it into a full organizational model.","When developing a new business model → prototype it in a controlled environment, gather user feedback, refine the concept, and scale it gradually into the full organizational structure.",Business Model Innovation Through Digital Integration,"Business model innovation occurs when organizations integrate digital technologies with sustainable practices and circular economy principles to create new value propositions and operational efficiencies. This innovation process enables organizations to address environmental challenges, enhance resource utilization, and transform traditional business models into more resilient and competitive frameworks.",Business Model Innovation Myths,,group size 4,inbetween,0.4,AMBIG:,17.09.26
T1_dedup,T1-07,3 objects proposed as duplicates,Are these the SAME object (should they merge into one)?,same / different,Responsible Ai Governance Framework,"A comprehensive governance approach for AI systems that integrates security, compliance, and ethical standards across the AI lifecycle. The framework encompasses technical safeguards, policy enforcement, and organizational practices to ensure AI systems operate within defined boundaries and societal values.","When deploying AI solutions that require multi‑stakeholder oversight and regulatory compliance → do adopt the Responsible AI Governance Framework to integrate technical safeguards, policy enforcement, and ethical standards across the entire AI lifecycle.",Responsible Ai Framework,"A comprehensive approach to AI development that integrates explainability, safety, security, and ethical considerations to build trustworthy systems. The principle encompasses multiple dimensions of responsible AI including transparency, risk mitigation, and stakeholder alignment.","When developing or deploying an AI system in a trust‑sensitive environment → do integrate explainability, safety, security, and ethical safeguards to build trustworthy systems.",Responsible Ai Governance Framework,"A comprehensive governance approach for AI systems that integrates ethical considerations, transparency, and stakeholder input to ensure trust, fairness, and societal alignment. The framework addresses both technical and social dimensions of AI deployment.",,,group size 3,same,0.8,,17.09.26
T1_dedup,T1-08,2 objects proposed as duplicates,Are these the SAME object (should they merge into one)?,same / different,Autonomous Decision-making Framework,"Effective management and organizational success depend on empowering individuals with autonomy to make day-to-day decisions while maintaining clear purpose, stakeholder commitment, and scientific rigor in planning and execution. The principle describes a structured approach to decision-making that balances individual empowerment with organizational alignment.","When empowering employees to make day‑to‑day decisions while ensuring clear purpose, stakeholder commitment, and scientific rigor → do align autonomy with a shared mission and rigorous experimentation to improve engagement and performance.",Autonomous System Decision-making,"Autonomous systems make decisions by processing real-time environmental data through learned or programmed goal functions, enabling them to navigate complex environments and respond to dynamic conditions without continuous human intervention.","When an autonomous vehicle receives live sensor data in traffic, it processes that data through its learned or programmed goal functions to select the safest and most efficient route.",,,,,group size 2,differ,0.8,"TAXONOMY:one is leaderrship, delegational related the other is ai",17.09.26
T1_dedup,T1-09,2 objects proposed as duplicates,Are these the SAME object (should they merge into one)?,same / different,Resource-constrained Focus,"Entrepreneurs and product teams operating under limited resources (time, attention, money, people) achieve better outcomes by concentrating efforts on a single, well-defined objective rather than spreading attention across multiple pursuits. This principle reflects a fundamental constraint-driven optimization strategy.","When a startup or product team faces limited time, money, or personnel, focus all available resources on a single, well‑defined objective to maximize quality and speed of execution.",Resource-constrained Innovation,"Innovative solutions emerge when users face limitations in tools, time, or organizational support, driving them to develop novel approaches within existing constraints. This principle describes how scarcity of resources or support systems can catalyze creative problem-solving and experimentation.","When users encounter limited tools, time, or organizational support, they should deliberately experiment with existing resources, prototype in spare time, and document lessons learned to share with peers.",,,,,group size 2,same,0.6,AMBIG,17.09.26
T2_suffix_merge,T2-01,"base ""Nonlinear System Behavior""  vs  candidate ""Nonlinear System Behavior (2)""","Is the CANDIDATE a duplicate of the BASE (one name = the other + a suffix), so they should merge?",merge / keep,Nonlinear System Behavior,"Complex systems exhibit behaviors that are not linearly proportional to their inputs, making outcomes difficult to predict even when the underlying mechanisms are understood. These systems can produce effects that are either linear and predictable, linear and unpredictable, nonlinear and predictable, or nonlinear and unpredictable.","When a system exhibits interactions that lead to emergent, non‑additive responses → do employ nonlinear analysis, simulation, and robust control strategies rather than linear approximations.",Nonlinear System Behavior (2),"In complex systems, small changes can produce disproportionately large or small effects, and the relationship between input and output is not proportional. The system's response depends on its current state and internal dynamics rather than a direct linear mapping.","When observing that small changes produce disproportionately large or small effects in a system with feedback, thresholds, or state‑dependent dynamics → do adjust reasoning to account for sensitivity and potential chaos, and employ nonlinear modeling techniques instead of linear approximations.",,,,,,inbetween,0.4,AMBIG,17.09.26
T2_suffix_merge,T2-02,"base ""Iterative Prompt Refinement""  vs  candidate ""Iterative Prompt Refinement (2)""","Is the CANDIDATE a duplicate of the BASE (one name = the other + a suffix), so they should merge?",merge / keep,Iterative Prompt Refinement,"Improving prompt performance in generative AI requires systematic iteration and measurement, particularly for production applications where reuse and reliability are key. The principle emphasizes that initial prompt designs are often insufficient without structured evaluation and refinement cycles.","When designing prompts for a production generative AI system → set up a structured evaluation loop that repeatedly tests, measures, and refines the prompt until performance stabilizes.",Iterative Prompt Refinement (2),"Progressive improvement of AI outputs through systematic iteration of prompts, summaries, and verification steps. The principle describes a method where initial AI responses are refined through multiple stages of analysis, summarization, and validation to achieve higher quality and more reliable results.","When AI outputs show repetition, incomplete understanding, or require structured refinement → do iterative prompt refinement by summarizing chunks, chaining prompts, and adding verification steps to progressively improve quality.",,,,,,merge,0.6,AMBIG:,17.09.26
T2_suffix_merge,T2-03,"base ""Information-driven Decision Making""  vs  candidate ""Information-driven Decision Making (2)""","Is the CANDIDATE a duplicate of the BASE (one name = the other + a suffix), so they should merge?",merge / keep,Information-driven Decision Making,"Effective decision-making requires gathering and analyzing relevant information to reduce uncertainty and improve outcomes. The principle emphasizes that better information leads to better decisions, particularly in complex environments where multiple factors interact.",When a manager must choose a new product feature under market uncertainty → gather targeted customer and competitor data to reduce key uncertainties before finalizing the feature set.,Information-driven Decision Making (2),"Effective decision-making requires sufficient information about both external conditions and internal capabilities, as incomplete information leads to suboptimal choices and delays in execution.","When decision-makers lack critical data about markets, competitors, or internal timelines → do gather sufficient information before acting, balancing urgency and completeness.",,,,,,merge,1,,17.09.26
T2_suffix_merge,T2-04,"base ""Data-driven Decision Making Framework""  vs  candidate ""Data-driven Decision Making Framework (2)""","Is the CANDIDATE a duplicate of the BASE (one name = the other + a suffix), so they should merge?",merge / keep,Data-driven Decision Making Framework,"Effective decision-making in complex systems requires integrating multiple data sources and analytical approaches to capture both quantitative trends and qualitative insights. The principle describes a structured methodology for combining statistical analysis, user experience feedback, and contextual factors to inform strategic choices.","When making strategic decisions that involve multiple data types → integrate empirical data, analytical methods, and contextual insights to inform the choice.",Data-driven Decision Making Framework (2),"Effective marketing research integrates practical case studies, software tools, and systematic data management to enable students and practitioners to translate research findings into actionable business decisions. The framework emphasizes hands-on learning through real-world applications and structured data handling processes.","When a marketing research curriculum or professional training program incorporates case-based learning, software tool integration, systematic data management, and practical application of findings, then it will produce participants who possess both technical data‑analysis skills and the ability to t",,,,,,merge,0.6,AMBIG:,17.09.26
T2_suffix_merge,T2-05,"base ""Commitment and Consistency Principle""  vs  candidate ""Commitment and Consistency Principle (2)""","Is the CANDIDATE a duplicate of the BASE (one name = the other + a suffix), so they should merge?",merge / keep,Commitment and Consistency Principle,"Once individuals commit to a small initial request or publicly declare values, they experience psychological pressure to remain consistent with that commitment in subsequent related requests. This creates a predictable pattern of compliance with larger requests that align with the initial commitment.","When a person publicly or privately commits to a small action or declares a value, they should be offered a larger, related request to increase compliance.",Commitment and Consistency Principle (2),A psychological principle where people have a strong tendency to remain consistent with their previous commitments and choices.,When a person publicly commits to a goal or decision → do anticipate a higher likelihood that they will follow through and remain consistent with that choice.,,,,,,merge,0.8,,17.09.26
T2_suffix_merge,T2-06,"base ""Ethical Ai Design Framework""  vs  candidate ""Ethical Ai Design Framework (2)""","Is the CANDIDATE a duplicate of the BASE (one name = the other + a suffix), so they should merge?",merge / keep,Ethical Ai Design Framework,"Effective AI systems require integrated ethical considerations embedded at every stage of development and deployment, rather than treated as an afterthought or compliance check. The principle emphasizes that ethical design is not optional but a foundational requirement for sustainable, trustworthy, and impactful AI solutions.","When developing an AI system for a product or service, embed fairness, transparency, accountability, and sustainability considerations into every design decision, from data collection to deployment, to ensure the system is trustworthy and socially responsible.",Ethical Ai Design Framework (2),"Effective AI product development requires integrating ethical considerations into every stage of the lifecycle, balancing bias mitigation with performance preservation while ensuring transparency and accountability. The framework emphasizes human welfare, fairness, and societal alignment as core design principles.","When developing an AI system → systematically ask critical questions about impact and potential harms, apply ethical frameworks to identify risks, and operationalize principles through structured design practices.",,,,,,merge,1,,17.09.26
T2_suffix_merge,T2-07,"base ""Social Proof Manipulation""  vs  candidate ""Social Proof Manipulation (3)""","Is the CANDIDATE a duplicate of the BASE (one name = the other + a suffix), so they should merge?",merge / keep,Social Proof Manipulation,"Communicating the prevalence of a behavior—especially negative behaviors—can inadvertently increase that behavior by leveraging social proof. When people see others engaging in a behavior, they are more likely to emulate it, particularly when the behavior is framed as common or acceptable.","When a public health or marketing message wants to reduce a harmful or ambiguous behavior, do emphasize that the behavior is rare or unpopular rather than common to avoid normalizing it.",Social Proof Manipulation (3),"Creating artificial displays of social validation or competitive positioning can influence perception of quality, performance, or desirability in both consumer and professional contexts. The principle describes a tactic where false or exaggerated social signals are generated to alter behavior or judgment.","When encountering a marketing claim that displays high customer ratings, long lines, or competitive benchmarks → do verify the authenticity of the social proof before trusting the signal.",,,,,,merge,0.8,TAXONOMY:one pure psychological the other is marketing pov,17.09.26
T2_suffix_merge,T2-08,"base ""Social Proof Bias""  vs  candidate ""Social Proof Bias (2)""","Is the CANDIDATE a duplicate of the BASE (one name = the other + a suffix), so they should merge?",merge / keep,Social Proof Bias,"People's decisions are influenced by observing others' actions, particularly when those actions signal social approval or shared interest. This principle describes how the presence of others' behavior can override individual preferences or initial intentions.",When observing others engage in a behavior or express interest → do adjust your own decision‑making to align with the perceived group norm.,Social Proof Bias (2),"The tendency for individuals to follow the actions or opinions of others in a group, especially when those actions are ambiguous or uncertain. This behavior is driven by the assumption that others' choices reflect correct or preferred responses.",When encountering a group making a decision under uncertainty → do use the group’s choice as a heuristic but also seek independent evidence before finalizing your own decision.,,,,,,keep,1,TAXONOMY: they are two separate  1st is about conformism the 2nd is about individual strategic decision making,17.09.26
T2_suffix_merge,T2-09,"base ""Human-ai Collaboration Framework""  vs  candidate ""Human-ai Collaboration Framework (2)""","Is the CANDIDATE a duplicate of the BASE (one name = the other + a suffix), so they should merge?",merge / keep,Human-ai Collaboration Framework,Effective AI implementation requires integrating human expertise with pre-built AI solutions to bridge capability gaps and accelerate adoption. The principle describes a hybrid approach where existing domain knowledge and AI tools work together to achieve outcomes that neither could deliver alone.,When an organization has domain expertise but limited AI development resources → combine human expertise with pre‑built AI solutions to accelerate adoption and improve outcomes.,Human-ai Collaboration Framework (2),"Human-AI systems operate through a structured interaction where AI handles routine tasks and data processing while humans provide strategic oversight, creative input, and contextual judgment. This framework enables humans to focus on uniquely human capabilities while leveraging AI for efficiency gains.","When designing a human‑AI system, assign routine data processing and pattern detection to AI while reserving strategic oversight, ethical judgment, and creative decision‑making for humans, and ensure clear role definitions and feedback loops.",,,,,,merge,1,,17.09.26
T3_content_type,T3-01,"object ""Audio-visual Integration in Motion Graphics""",What is the ROLE of this object? Judge from the text; any label you may remember is HIDDEN.,principle / process_template / process_instance / tool_instruction / growth_edge / noise_drop / quarantine,Audio-visual Integration in Motion Graphics,"Motion graphics projects require coordinated handling of audio and visual elements to achieve seamless integration and professional-quality output. The principle governs how audio mixing, composition structure, and rendering processes must align to support effective post-production workflows.","When creating a motion graphics project in a single environment (e.g., After Effects) → ensure that audio and visual settings (time display, color handling, sampling rates) are matched, nest compositions consistently, and set rendering options that balance processing power and output quality to keep",,,,,,,,,quarantine,0.6,MULTI: it closer to a principle,17.09.26
T3_content_type,T3-02,"object ""Kolmogorov Σ-field Properties""",What is the ROLE of this object? Judge from the text; any label you may remember is HIDDEN.,principle / process_template / process_instance / tool_instruction / growth_edge / noise_drop / quarantine,Kolmogorov Σ-field Properties,"A collection F of sets is a σ-field (or σ-algebra) if it is closed under complementation and countable unions, and includes the universal set and empty set.","When defining a probability space on a set of events → verify that the event collection is a σ-field by checking closure under complementation, countable unions, and inclusion of the universal set and empty set.",,,,,,,,,tool instruction,0.6,"seems like its an axiom, but it doesnt refered any concrete tool it can be also a principle",17.09.26
T3_content_type,T3-03,"object ""Cultural Synthesis in Motion Design""",What is the ROLE of this object? Judge from the text; any label you may remember is HIDDEN.,principle / process_template / process_instance / tool_instruction / growth_edge / noise_drop / quarantine,Cultural Synthesis in Motion Design,"Motion design emerges from the synthesis of diverse cultural influences and artistic traditions, drawing from experimental film, animation, graphic design, music, and visual arts to create new aesthetic and conceptual frameworks. The principle describes how designers integrate cross-medium artistic elements into their work.","When a motion designer is planning a new project that aims to resonate with diverse audiences, integrate elements from experimental film, animation, graphic design, music, and visual arts into a cohesive storyboard and visual language.",,,,,,,,,principle,1,,17.09.26
T3_content_type,T3-04,"object ""Plan Generation with Foundation Models""",What is the ROLE of this object? Judge from the text; any label you may remember is HIDDEN.,principle / process_template / process_instance / tool_instruction / growth_edge / noise_drop / quarantine,Plan Generation with Foundation Models,"A method for creating executable action sequences using foundation models through prompt engineering, where models generate ordered tool calls to solve user tasks.","When a user needs to automate a multi‑step task without writing custom code, prompt a foundation model with the task description and a list of available tool interfaces to generate an ordered sequence of tool calls that the agent can execute.",,,,,,,,,principle,1,,17.09.26
T3_content_type,T3-05,"object ""Alchemical Descent and Renewal Process""",What is the ROLE of this object? Judge from the text; any label you may remember is HIDDEN.,principle / process_template / process_instance / tool_instruction / growth_edge / noise_drop / quarantine,Alchemical Descent and Renewal Process,"A transformative process where descent into suffering, death, and material reality leads to renewal and spiritual ascent through alchemical principles of dissolution and rebirth.","When a person experiences a profound crisis or loss that forces them to confront their deepest fears and limitations, they should intentionally engage in reflective practices (journaling, meditation, or guided therapy) that allow them to acknowledge and let go of old patterns before seeking new mean",,,,,,,,,principle,0.8,closer to principle than growth edge as its more parctical,17.09.26
T3_content_type,T3-06,"object ""Organizational Silos As Customer Experience Barriers""",What is the ROLE of this object? Judge from the text; any label you may remember is HIDDEN.,principle / process_template / process_instance / tool_instruction / growth_edge / noise_drop / quarantine,Organizational Silos As Customer Experience Barriers,"Business organizational units structured around work functions that create barriers to understanding customer needs and experience, often leading to disconnected service delivery.",When an organization has functional units operating independently without customer experience integration → do align units around the customer journey and create cross‑functional teams to ensure customer needs are considered.,,,,,,,,,principle,1,,17.09.26
T3_content_type,T3-07,"object ""Innovation Mapping Process""",What is the ROLE of this object? Judge from the text; any label you may remember is HIDDEN.,principle / process_template / process_instance / tool_instruction / growth_edge / noise_drop / quarantine,Innovation Mapping Process,A systematic approach for identifying market opportunities by creating new markets or substantially changing existing ones through targeted innovation strategies.,"When a company is looking to create a new market or radically transform an existing one → focus on specific market segments, identify unmet customer needs, and systematically analyze to design new market spaces or reshape current ones.",,,,,,,,,principle,1,,17.09.26
T3_content_type,T3-08,"object ""Nash Equilibrium Strategy""",What is the ROLE of this object? Judge from the text; any label you may remember is HIDDEN.,principle / process_template / process_instance / tool_instruction / growth_edge / noise_drop / quarantine,Nash Equilibrium Strategy,"A strategy profile is in Nash equilibrium when each player's strategy is optimal given the strategies chosen by all other players. In equilibrium, no player can improve their outcome by unilaterally changing their strategy, assuming others remain fixed.","When analyzing a strategic interaction with complete information and rational players, identify the strategy profile that satisfies the best‑response condition and use it to predict stable outcomes.",,,,,,,,,principle,1,,17.09.26
T3_content_type,T3-09,"object ""Modular Text Representation and Retrieval""",What is the ROLE of this object? Judge from the text; any label you may remember is HIDDEN.,principle / process_template / process_instance / tool_instruction / growth_edge / noise_drop / quarantine,Modular Text Representation and Retrieval,"Text content is transformed into numerical token vectors that can be stored, indexed, and retrieved for analysis. These representations enable machines to process and understand textual information by mapping it into mathematical spaces where relationships between tokens can be computed.","When you need to perform semantic search or similarity analysis on large text corpora, convert the text into token vectors and store them in a vector database for efficient retrieval.",,,,,,,,,principle,0.8,"I feel this a principle than process template, but it still includes some steps, but over it descripes a concpet",17.09.26
T6_frontier69,T6-01,"object ""Prompt Response Iteration Framework""",Is the CLAIMED LABEL of this object justified by its own SOURCE TEXT excerpt?,justified / not_justified,Prompt Response Iteration Framework,A systematic approach to generating and organizing multiple prompt variants and their model responses in a structured format for analysis and comparison. The framework enables rapid experimentation and evaluation of different prompt designs by capturing each variant's output in a tabular format.,,,,,,,,"[AI Agents and Applications With LangChain, LangGraph, and MCP (Roberto Infante) (z-library.sk, 1lib.sk, z-lib.sk).md] A systematic approach to generating and organizing multiple prompt variants and their model responses in a structured format for analysis and comparison. The framework enables rapid experimentation and evaluation of different prompt designs by capturing each variant's output in a tabular format.","depth=specialized | discipline= | domains=['research & methodology', 'ai & agents']",not justified,1, discipline is  missing  research methodology is dscipline  not domain but lableled as domain that violates crosscontamination prevention!!! ,17.09.26
T6_frontier69,T6-02,"object ""Computational Automaton Stability Principle""",Is the CLAIMED LABEL of this object justified by its own SOURCE TEXT excerpt?,justified / not_justified,Computational Automaton Stability Principle,"A computational system requires a balanced regime of neither too chaotic nor too ordered behavior to produce reliable answers, with stable patterns emerging from initial conditions that have more ones than zeros.",,,,,,,,"[Complex Adaptive Systems An Introduction to Computational Models of Social Life (John H. Miller, Scott E. Page) (z-library.sk, 1lib.sk, z-lib.sk).md] A computational system requires a balanced regime of neither too chaotic nor too ordered behavior to produce reliable answers, with stable patterns emerging from initial conditions that have more ones than zeros.","depth=domain | discipline=computational theory | domains=['code & computation', 'systems & frameworks']",justified,1,OK,17.09.26
T6_frontier69,T6-03,"object ""Design Psychology Through Visual Analogy and Aesthetic Flow""",Is the CLAIMED LABEL of this object justified by its own SOURCE TEXT excerpt?,justified / not_justified,Design Psychology Through Visual Analogy and Aesthetic Flow,A design approach that uses visual analogies and controlled aesthetic flow to create deeper conceptual connections through micro associations.,,,,,,,,[Design by Nature Using Universal Forms and Principles in Design (Voices That Matter) (Maggie Macnab).md] A design approach that uses visual analogies and controlled aesthetic flow to create deeper conceptual connections through micro associations.,"depth=domain | discipline=design psychology | domains=['graphic design', 'brand identity', 'editorial & advertising']",justified,1,OK,17.09.26
T6_frontier69,T6-04,"object ""Intellectual Property Protection and Enforcement""",Is the CLAIMED LABEL of this object justified by its own SOURCE TEXT excerpt?,justified / not_justified,Intellectual Property Protection and Enforcement,"Legal mechanisms such as patents and trademarks provide formal protection for intellectual assets, enabling creators to control commercial use and prevent unauthorized imitation. These protections are enforced through public registries and legal action, creating a framework for managing competitive and reputational risks.",,,,,,,,"[Designing Brand Identity (Alina Wheeler, Rob Meyerson) (z-library.sk, 1lib.sk, z-lib.sk).md] Legal mechanisms such as patents and trademarks provide formal protection for intellectual assets, enabling creators to control commercial use and prevent unauthorized imitation. These protections are enforced through public registries and legal action, creating a framework for managing competitive and reputational risks.","depth=domain | discipline=law | domains=['legal & public policy', 'brand identity']",justified,1,OK,17.09.26
T6_frontier69,T6-05,"object ""Consistent Prompt Engineering""",Is the CLAIMED LABEL of this object justified by its own SOURCE TEXT excerpt?,justified / not_justified,Consistent Prompt Engineering,"Effective prompt engineering requires maintaining consistent structure, tone, and information across prompts to ensure reliable outputs and facilitate integration with automated systems. The principle emphasizes that variability in prompts leads to unpredictable results that complicate quality control and system integration.",,,,,,,,"[Knowledge Graphs and LLMs in Action (Alessandro Negro, Vlastimil Kus etc.) (z-library.sk, 1lib.sk, z-lib.sk).md] Effective prompt engineering requires maintaining consistent structure, tone, and information across prompts to ensure reliable outputs and facilitate integration with automated systems. The principle emphasizes that variability in prompts leads to unpredictable results that complicate quality control and system integration.","depth=specialized | discipline=generative ai | domains=['ai & agents', 'engineering practice']",justified,1,OK,17.09.26
T6_frontier69,T6-06,"object ""Generative Systems Creative Expression""",Is the CLAIMED LABEL of this object justified by its own SOURCE TEXT excerpt?,justified / not_justified,Generative Systems Creative Expression,"Machine learning systems can generate novel creative outputs such as artwork, text, music, and strategies by learning patterns from training data and synthesizing new content according to those learned structures. This capability represents a shift in how creative expression is produced, extending beyond human intuition to include algorithmic generation.",,,,,,,,"[Art in the Age of Machine Learning (Leonardo) -- Audry, Sofian_ Bengio, Yoshua -- MIT Press, Cambridge, Massachusetts, 2021 -- The MIT Press -- 9780262046183 -- 721846964ef38a20958f0dbcc1f20290 -- Anna’s Archive.md] Machine learning systems can generate novel creative outputs such as artwork, text, music, and strategies by learning patterns from training data and synthesizing new content according to those learned structures. This capability represents a shift in how creative expression is prod","depth=cross-domain | discipline=generative ai | domains=['computational art', 'code & computation']",justified,1,OK,17.09.26
T6_frontier69,T6-07,"object ""Basic Authentication Credential Format""",Is the CLAIMED LABEL of this object justified by its own SOURCE TEXT excerpt?,justified / not_justified,Basic Authentication Credential Format,User credentials in basic authentication are transmitted as a base64-encoded string containing a username and password separated by a single colon character. This format is standardized for HTTP authentication and is processed by the client and server using base64 decoding and colon splitting.,,,,,,,,"[Building Generative AI Services with FastAPI A Practical Approach to Developing Context-Rich Generative AI Applications (Alireza Parandeh) (z-library.sk, 1lib.sk, z-lib.sk).md] User credentials in basic authentication are transmitted as a base64-encoded string containing a username and password separated by a single colon character. This format is standardized for HTTP authentication and is processed by the client and server using base64 decoding and colon splitting.","depth=domain | discipline=information security | domains=['engineering practice', 'web & ui']",justified,1,OK,17.09.26
T6_frontier69,T6-08,"object ""Pseudo-event Text-in-the-making""",Is the CLAIMED LABEL of this object justified by its own SOURCE TEXT excerpt?,justified / not_justified,Pseudo-event Text-in-the-making,"Media texts that are constructed as ongoing, unscripted narratives create a 'text-in-the-making' that blurs the line between reality and fiction, generating pseudo-events for audience consumption. These texts function as both documentary and drama, reflecting real lives while simultaneously shaping them through their very production.",,,,,,,,"[[Marcel_Danesi]_Understanding_Media_Semiotics(z-lib.org).md] Media texts that are constructed as ongoing, unscripted narratives create a 'text-in-the-making' that blurs the line between reality and fiction, generating pseudo-events for audience consumption. These texts function as both documentary and drama, reflecting real lives while simultaneously shaping them through their very production.",depth=domain | discipline=media studies | domains=['media & entertainment'],not justified,0.8,,17.09.26
T6_frontier69,T6-09,"object ""Divine Proportion System""",Is the CLAIMED LABEL of this object justified by its own SOURCE TEXT excerpt?,justified / not_justified,Divine Proportion System,The divine proportion (φ ≈ 1.618) is a mathematical relationship where the ratio of the whole to the larger segment equals the ratio of the larger segment to the smaller segment. This proportion creates a harmonious geometric relationship that appears in both natural and designed systems.,,,,,,,,[Panofsky_Erwin_Meaning_in_the_Visual_Arts.md] The divine proportion (φ ≈ 1.618) is a mathematical relationship where the ratio of the whole to the larger segment equals the ratio of the larger segment to the smaller segment. This proportion creates a harmonious geometric relationship that appears in both natural and designed systems.,"depth=universal | discipline=computational geometry | domains=['graphic design', 'product design', 'science & research']",justified,1,OK,17.09.26